<?xml version="1.0" encoding="UTF-8"?>
<rdf:RDF
	xmlns:rdf="http://www.w3.org/1999/02/22-rdf-syntax-ns#">

<rdf:Description rdf:about="http://data.legilux.public.lu/eli/etat/leg/rgd/2021/11/24/a832/jo">
	<isMemberOf xmlns="http://data.legilux.public.lu/resource/ontology/jolux#" rdf:resource="http://data.legilux.public.lu/eli/etat/leg/rgd/2021/11/24/a832"/>
	<rdf:type rdf:resource="http://data.legilux.public.lu/resource/ontology/jolux#BaseAct"/>
	<dateEntryInForce xmlns="http://data.legilux.public.lu/resource/ontology/jolux#" rdf:datatype="http://www.w3.org/2001/XMLSchema#date">2021-12-05</dateEntryInForce>
	<rdf:type rdf:resource="http://data.legilux.public.lu/resource/ontology/jolux#LegalResource"/>
	<dateDocument xmlns="http://data.legilux.public.lu/resource/ontology/jolux#" rdf:datatype="http://www.w3.org/2001/XMLSchema#date">2021-11-24</dateDocument>
	<subjectLevel2 xmlns="http://data.legilux.public.lu/resource/ontology/jolux#" rdf:resource="http://data.legilux.public.lu/resource/authority/legal-subject/746"/>
	<publicationDate xmlns="http://data.legilux.public.lu/resource/ontology/jolux#" rdf:datatype="http://www.w3.org/2001/XMLSchema#date">2021-12-01</publicationDate>
	<modifies xmlns="http://data.legilux.public.lu/resource/ontology/jolux#" rdf:resource="http://data.legilux.public.lu/eli/etat/leg/rgd/2017/03/08/a321/jo"/>
	<rdf:type rdf:resource="http://www.w3.org/ns/prov#Entity"/>
	<draft xmlns="http://data.legilux.public.lu/resource/ontology/jolux#" rdf:resource="http://data.legilux.public.lu/eli/etat/projet/pr/20160294"/>
	<rdf:type rdf:resource="http://data.legilux.public.lu/resource/ontology/jolux#Work"/>
	<subjectLevel2 xmlns="http://data.legilux.public.lu/resource/ontology/jolux#" rdf:resource="http://data.legilux.public.lu/resource/authority/legal-subject/536"/>
	<isPartOf xmlns="http://data.legilux.public.lu/resource/ontology/jolux#" rdf:resource="http://data.legilux.public.lu/eli/etat/leg/memorial/2021/a832"/>
	<subjectLevel1 xmlns="http://data.legilux.public.lu/resource/ontology/jolux#" rdf:resource="http://data.legilux.public.lu/resource/authority/legal-subject/1066"/>
	<dateApplicability xmlns="http://data.legilux.public.lu/resource/ontology/jolux#" rdf:datatype="http://www.w3.org/2001/XMLSchema#date">2021-12-05</dateApplicability>
	<basedOn xmlns="http://data.legilux.public.lu/resource/ontology/jolux#" rdf:resource="http://data.legilux.public.lu/eli/etat/leg/loi/2004/07/19/n1/jo"/>
	<responsibilityOf xmlns="http://data.legilux.public.lu/resource/ontology/jolux#" rdf:resource="http://data.legilux.public.lu/resource/authority/legal-institution/MI"/>
	<modifies xmlns="http://data.legilux.public.lu/resource/ontology/jolux#" rdf:resource="http://data.legilux.public.lu/eli/etat/leg/rgd/2017/03/08/a324/jo"/>
	<rdf:type rdf:resource="http://data.legilux.public.lu/resource/ontology/jolux#Act"/>
	<subjectLevel1 xmlns="http://data.legilux.public.lu/resource/ontology/jolux#" rdf:resource="http://data.legilux.public.lu/resource/authority/legal-subject/3153"/>
	<subjectLevel2 xmlns="http://data.legilux.public.lu/resource/ontology/jolux#" rdf:resource="http://data.legilux.public.lu/resource/authority/legal-subject/972"/>
	<subjectLevel1 xmlns="http://data.legilux.public.lu/resource/ontology/jolux#" rdf:resource="http://data.legilux.public.lu/resource/authority/legal-subject/3228"/>
	<typeDocument xmlns="http://data.legilux.public.lu/resource/ontology/jolux#" rdf:resource="http://data.legilux.public.lu/resource/authority/resource-type/RGD"/>
	<rdf:type rdf:resource="http://data.legilux.public.lu/resource/ontology/jolux#NationalLegalResource"/>
</rdf:Description>

</rdf:RDF>